-- MySQL Script generated by MySQL Workbench
-- Wed Oct  7 23:12:37 2020
-- Model: New Model    Version: 1.0
-- MySQL Workbench Forward Engineering

SET @OLD_UNIQUE_CHECKS=@@UNIQUE_CHECKS, UNIQUE_CHECKS=0;
SET @OLD_FOREIGN_KEY_CHECKS=@@FOREIGN_KEY_CHECKS, FOREIGN_KEY_CHECKS=0;
SET @OLD_SQL_MODE=@@SQL_MODE, SQL_MODE='TRADITIONAL,ALLOW_INVALID_DATES';

-- -----------------------------------------------------
-- Schema lmg17g
-- -----------------------------------------------------
DROP SCHEMA IF EXISTS `lmg17g` ;

-- -----------------------------------------------------
-- Schema lmg17g
-- -----------------------------------------------------
CREATE SCHEMA IF NOT EXISTS `lmg17g` DEFAULT CHARACTER SET utf8 COLLATE utf8_unicode_ci ;
SHOW WARNINGS;
USE `lmg17g` ;

-- -----------------------------------------------------
-- Table `lmg17g`.`customer`
-- -----------------------------------------------------
DROP TABLE IF EXISTS `lmg17g`.`customer` ;

SHOW WARNINGS;
CREATE TABLE IF NOT EXISTS `lmg17g`.`customer` (
  `cus_id` SMALLINT(6) UNSIGNED NOT NULL AUTO_INCREMENT,
  `cus_fname` VARCHAR(15) NOT NULL,
  `cus_lname` VARCHAR(30) NOT NULL,
  `cus_street` VARCHAR(30) NOT NULL,
  `cus_city` VARCHAR(30) NOT NULL,
  `cus_state` CHAR(2) NOT NULL,
  `cus_zip` INT(9) UNSIGNED ZEROFILL NOT NULL,
  `cus_phone` BIGINT(20) UNSIGNED NOT NULL,
  `cus_email` VARCHAR(100) NOT NULL,
  `cus_balance` DECIMAL(6,2) NOT NULL,
  `cus_total_sales` DECIMAL(6,2) NOT NULL,
  `cus_notes` VARCHAR(255) NULL,
  PRIMARY KEY (`cus_id`))
ENGINE = InnoDB
AUTO_INCREMENT = 2
DEFAULT CHARACTER SET = utf8
COLLATE = utf8_unicode_ci;

SHOW WARNINGS;

-- -----------------------------------------------------
-- Table `lmg17g`.`petstore`
-- -----------------------------------------------------
DROP TABLE IF EXISTS `lmg17g`.`petstore` ;

SHOW WARNINGS;
CREATE TABLE IF NOT EXISTS `lmg17g`.`petstore` (
  `pst_id` SMALLINT(6) UNSIGNED NOT NULL AUTO_INCREMENT,
  `pst_name` VARCHAR(30) NOT NULL,
  `pst_street` VARCHAR(30) NOT NULL,
  `pst_city` VARCHAR(30) NOT NULL,
  `pst_state` CHAR(2) NOT NULL,
  `pst_zip` INT(9) UNSIGNED ZEROFILL NOT NULL,
  `pst_phone` BIGINT(20) UNSIGNED NOT NULL,
  `pst_email` VARCHAR(100) NOT NULL,
  `pst_url` VARCHAR(100) NOT NULL,
  `pst_ytd_sales` DECIMAL(10,2) NOT NULL,
  `pst_notes` VARCHAR(255) NULL DEFAULT NULL,
  PRIMARY KEY (`pst_id`))
ENGINE = InnoDB
AUTO_INCREMENT = 6
DEFAULT CHARACTER SET = utf8
COLLATE = utf8_unicode_ci;

SHOW WARNINGS;

-- -----------------------------------------------------
-- Table `lmg17g`.`pet`
-- -----------------------------------------------------
DROP TABLE IF EXISTS `lmg17g`.`pet` ;

SHOW WARNINGS;
CREATE TABLE IF NOT EXISTS `lmg17g`.`pet` (
  `pet_id` SMALLINT(6) UNSIGNED NOT NULL AUTO_INCREMENT,
  `pst_id` SMALLINT(6) UNSIGNED NOT NULL,
  `cus_id` SMALLINT(6) UNSIGNED NULL,
  `pet_type` VARCHAR(45) NOT NULL,
  `pet_sex` ENUM('m', 'f') NOT NULL,
  `pet_cost` DECIMAL(6,2) NOT NULL,
  `pet_price` DECIMAL(6,2) NOT NULL,
  `pet_age` TINYINT(4) NOT NULL,
  `pet_color` VARCHAR(30) NOT NULL,
  `pet_sale_data` DATE NULL,
  `pet_vaccine` ENUM('y', 'n') NOT NULL,
  `pet_neuter` ENUM('y', 'n') NOT NULL,
  `pet_notes` VARCHAR(255) NULL DEFAULT NULL,
  PRIMARY KEY (`pet_id`),
  INDEX `fk_pet_petstore_idx` (`pst_id` ASC),
  INDEX `fk_pet_customer1_idx` (`cus_id` ASC),
  CONSTRAINT `fk_pet_petstore`
    FOREIGN KEY (`pst_id`)
    REFERENCES `lmg17g`.`petstore` (`pst_id`)
    ON DELETE CASCADE
    ON UPDATE CASCADE,
  CONSTRAINT `fk_pet_customer1`
    FOREIGN KEY (`cus_id`)
    REFERENCES `lmg17g`.`customer` (`cus_id`)
    ON DELETE SET NULL
    ON UPDATE CASCADE)
ENGINE = InnoDB
DEFAULT CHARACTER SET = utf8
COLLATE = utf8_unicode_ci;

SHOW WARNINGS;

SET SQL_MODE=@OLD_SQL_MODE;
SET FOREIGN_KEY_CHECKS=@OLD_FOREIGN_KEY_CHECKS;
SET UNIQUE_CHECKS=@OLD_UNIQUE_CHECKS;

-- -----------------------------------------------------
-- Data for table `lmg17g`.`customer`
-- -----------------------------------------------------
START TRANSACTION;
USE `lmg17g`;
INSERT INTO `lmg17g`.`customer` (`cus_id`, `cus_fname`, `cus_lname`, `cus_street`, `cus_city`, `cus_state`, `cus_zip`, `cus_phone`, `cus_email`, `cus_balance`, `cus_total_sales`, `cus_notes`) VALUES (1, 'John', 'Doe', '908 W. Capital Way', 'Seattle', 'WA', 081226749, 20655598578, 'Johndoe123@gmail.com', 1234.00, 1345.00, 'customer notes1');
INSERT INTO `lmg17g`.`customer` (`cus_id`, `cus_fname`, `cus_lname`, `cus_street`, `cus_city`, `cus_state`, `cus_zip`, `cus_phone`, `cus_email`, `cus_balance`, `cus_total_sales`, `cus_notes`) VALUES (2, 'Elizabeth', 'Brown', '1 Rockcrest Ave.', 'Arlington Heights', 'IL', 60004, 4566547908, 'ElizabethB@gmail.com', 2234.00, 2345.00, 'customer notes2');
INSERT INTO `lmg17g`.`customer` (`cus_id`, `cus_fname`, `cus_lname`, `cus_street`, `cus_city`, `cus_state`, `cus_zip`, `cus_phone`, `cus_email`, `cus_balance`, `cus_total_sales`, `cus_notes`) VALUES (3, 'Sean', 'Patterson', '272 Thomas Dr.', 'Vienna', 'VA', 22180, 4560899785, 'SeanP@gmail.com', 3234.00, 3345.00, 'customer notes3');
INSERT INTO `lmg17g`.`customer` (`cus_id`, `cus_fname`, `cus_lname`, `cus_street`, `cus_city`, `cus_state`, `cus_zip`, `cus_phone`, `cus_email`, `cus_balance`, `cus_total_sales`, `cus_notes`) VALUES (4, 'Nancy', 'Richardson', '569 Prospect St.', 'Traverse City', 'MI', 49684, 3459879283, 'NacyR@gmail.com', 4234.00, 4345.00, 'customer notes4');
INSERT INTO `lmg17g`.`customer` (`cus_id`, `cus_fname`, `cus_lname`, `cus_street`, `cus_city`, `cus_state`, `cus_zip`, `cus_phone`, `cus_email`, `cus_balance`, `cus_total_sales`, `cus_notes`) VALUES (5, 'Carol', 'Cox', '9751 W. Hillside Road', 'Englewood', 'NJ', 07631, 3450398576, 'CarolC@gmail.com', 5234.00, 5345.00, 'customer notes5');
INSERT INTO `lmg17g`.`customer` (`cus_id`, `cus_fname`, `cus_lname`, `cus_street`, `cus_city`, `cus_state`, `cus_zip`, `cus_phone`, `cus_email`, `cus_balance`, `cus_total_sales`, `cus_notes`) VALUES (6, 'Lois', 'Campbell', '5 Elizabeth Drive', 'Sun City', 'AZ', 85351, 2348768764, 'LouisC@gmail.com', 6234.00, 6345.00, 'customer notes6');
INSERT INTO `lmg17g`.`customer` (`cus_id`, `cus_fname`, `cus_lname`, `cus_street`, `cus_city`, `cus_state`, `cus_zip`, `cus_phone`, `cus_email`, `cus_balance`, `cus_total_sales`, `cus_notes`) VALUES (7, 'Bruce', 'Mitchell', '67 South Canal Avenue', 'Braintree', 'MA', 02184, 2347658675, 'BruceM@gmail.com', 7234.00, 7345.00, 'customer notes7');
INSERT INTO `lmg17g`.`customer` (`cus_id`, `cus_fname`, `cus_lname`, `cus_street`, `cus_city`, `cus_state`, `cus_zip`, `cus_phone`, `cus_email`, `cus_balance`, `cus_total_sales`, `cus_notes`) VALUES (8, 'Patricia', 'Jenkins', '208 Brandywine Drive', 'Winter Park', 'FL', 32792, 4350987564, 'PatriciaJ@gmail.com', 8234.00, 8345.00, 'customer notes8');
INSERT INTO `lmg17g`.`customer` (`cus_id`, `cus_fname`, `cus_lname`, `cus_street`, `cus_city`, `cus_state`, `cus_zip`, `cus_phone`, `cus_email`, `cus_balance`, `cus_total_sales`, `cus_notes`) VALUES (9, 'Thomas', 'Ramirez', '7300 W. Franklin St.', 'Atlanta', 'GA', 30303, 8769549034, 'ThomasR@gmail.com', 9234.00, 9345.00, 'customer notes9');
INSERT INTO `lmg17g`.`customer` (`cus_id`, `cus_fname`, `cus_lname`, `cus_street`, `cus_city`, `cus_state`, `cus_zip`, `cus_phone`, `cus_email`, `cus_balance`, `cus_total_sales`, `cus_notes`) VALUES (10, 'Raymond', 'Smith', '7399 N. Roosevelt St.', 'Clearwater', 'FL', 33756, 7689872365, 'RaymondS@gmail.com', 345.00, 536.00, 'customer notes10');

COMMIT;


-- -----------------------------------------------------
-- Data for table `lmg17g`.`petstore`
-- -----------------------------------------------------
START TRANSACTION;
USE `lmg17g`;
INSERT INTO `lmg17g`.`petstore` (`pst_id`, `pst_name`, `pst_street`, `pst_city`, `pst_state`, `pst_zip`, `pst_phone`, `pst_email`, `pst_url`, `pst_ytd_sales`, `pst_notes`) VALUES (1, 'Tom', '1089 sw 66 st', 'Long Beach', 'CA', 324509890, 7777777777, 'tonygon@gmail.com', 'https://tonygon.com', 4000.00, 'loud');
INSERT INTO `lmg17g`.`petstore` (`pst_id`, `pst_name`, `pst_street`, `pst_city`, `pst_state`, `pst_zip`, `pst_phone`, `pst_email`, `pst_url`, `pst_ytd_sales`, `pst_notes`) VALUES (2, 'Sophia', '510 Daroco ave', 'Coral Gables', 'FL', 673790675, 9546113230, 'Emilyuck@hotmail.com', 'https://emilyuck.com', 5000.00, 'cute');
INSERT INTO `lmg17g`.`petstore` (`pst_id`, `pst_name`, `pst_street`, `pst_city`, `pst_state`, `pst_zip`, `pst_phone`, `pst_email`, `pst_url`, `pst_ytd_sales`, `pst_notes`) VALUES (3, 'Sara', '6510 sw 10th st', 'Mexico City', 'MO', 33134000, 3059748140, 'Saranot@yahoo.com', 'https://saranot.com', 6000.00, 'nun');
INSERT INTO `lmg17g`.`petstore` (`pst_id`, `pst_name`, `pst_street`, `pst_city`, `pst_state`, `pst_zip`, `pst_phone`, `pst_email`, `pst_url`, `pst_ytd_sales`, `pst_notes`) VALUES (4, 'Timmy', '6969 nw 666 st', 'Hell', 'MI', 768921345, 5183924612, 'Whothere@aim.com', 'https://whothere.com', 7000.00, 'Turn around');
INSERT INTO `lmg17g`.`petstore` (`pst_id`, `pst_name`, `pst_street`, `pst_city`, `pst_state`, `pst_zip`, `pst_phone`, `pst_email`, `pst_url`, `pst_ytd_sales`, `pst_notes`) VALUES (5, 'Tyler', '1800 Pennsylvania ave', 'Washington', 'DC', 760934864, 4046147728, 'look@me.com', 'https://lookme.com', 8000.00, 'Winning');
INSERT INTO `lmg17g`.`petstore` (`pst_id`, `pst_name`, `pst_street`, `pst_city`, `pst_state`, `pst_zip`, `pst_phone`, `pst_email`, `pst_url`, `pst_ytd_sales`, `pst_notes`) VALUES (6, 'Roger', '9653 Maple Drive', 'Atwater', 'CA', 95301, 9058537849, 'wownow@gmail.com', 'https://wownow.com', 9000.00, 'cheep');
INSERT INTO `lmg17g`.`petstore` (`pst_id`, `pst_name`, `pst_street`, `pst_city`, `pst_state`, `pst_zip`, `pst_phone`, `pst_email`, `pst_url`, `pst_ytd_sales`, `pst_notes`) VALUES (7, 'Rita', '4 South Parker St.', 'Paramount', 'CA', 90723, 2348798495, 'ritano@gmail.com', 'https://ritano.com', 4200.00, 'good');
INSERT INTO `lmg17g`.`petstore` (`pst_id`, `pst_name`, `pst_street`, `pst_city`, `pst_state`, `pst_zip`, `pst_phone`, `pst_email`, `pst_url`, `pst_ytd_sales`, `pst_notes`) VALUES (8, 'Kelly', '37 Arnold Dr.', 'Westminster', 'CA', 92683, 2903958675, 'kellyblue@gmail.com', 'https://kellyblue.com', 4300.00, 'bad');
INSERT INTO `lmg17g`.`petstore` (`pst_id`, `pst_name`, `pst_street`, `pst_city`, `pst_state`, `pst_zip`, `pst_phone`, `pst_email`, `pst_url`, `pst_ytd_sales`, `pst_notes`) VALUES (9, 'Roy', '96 Inverness Street', 'San Francisco', 'CA', 94110, 2943445678, 'royspets@gmail.com', 'https://royspets.com', 4400.00, 'rough');
INSERT INTO `lmg17g`.`petstore` (`pst_id`, `pst_name`, `pst_street`, `pst_city`, `pst_state`, `pst_zip`, `pst_phone`, `pst_email`, `pst_url`, `pst_ytd_sales`, `pst_notes`) VALUES (10, 'come get them', '9304 Westport St.', 'San Jose', 'CA', 95127, 2340984365, 'comeandgetthem@gmail.com', 'https://comeandgetthme.com', 4500.00, 'nope');

COMMIT;


-- -----------------------------------------------------
-- Data for table `lmg17g`.`pet`
-- -----------------------------------------------------
START TRANSACTION;
USE `lmg17g`;
INSERT INTO `lmg17g`.`pet` (`pet_id`, `pst_id`, `cus_id`, `pet_type`, `pet_sex`, `pet_cost`, `pet_price`, `pet_age`, `pet_color`, `pet_sale_data`, `pet_vaccine`, `pet_neuter`, `pet_notes`) VALUES (1, 1, 1, 'rabbit', 'f', 300.00, 320.00, 2, 'brown', NULL, 'y', 'y', 'wild');
INSERT INTO `lmg17g`.`pet` (`pet_id`, `pst_id`, `cus_id`, `pet_type`, `pet_sex`, `pet_cost`, `pet_price`, `pet_age`, `pet_color`, `pet_sale_data`, `pet_vaccine`, `pet_neuter`, `pet_notes`) VALUES (2, 2, 2, 'snake', 'm', 700.00, 710.00, 6, 'red', NULL, 'y', 'n', 'rare');
INSERT INTO `lmg17g`.`pet` (`pet_id`, `pst_id`, `cus_id`, `pet_type`, `pet_sex`, `pet_cost`, `pet_price`, `pet_age`, `pet_color`, `pet_sale_data`, `pet_vaccine`, `pet_neuter`, `pet_notes`) VALUES (3, 3, 3, 'wolf', 'm', 500.00, 940.00, 4, 'grey', NULL, 'n', 'n', 'fast');
INSERT INTO `lmg17g`.`pet` (`pet_id`, `pst_id`, `cus_id`, `pet_type`, `pet_sex`, `pet_cost`, `pet_price`, `pet_age`, `pet_color`, `pet_sale_data`, `pet_vaccine`, `pet_neuter`, `pet_notes`) VALUES (4, 4, 4, 'shark', 'm', 200.00, 520.00, 2, 'grey', NULL, 'y', 'y', 'gives fin');
INSERT INTO `lmg17g`.`pet` (`pet_id`, `pst_id`, `cus_id`, `pet_type`, `pet_sex`, `pet_cost`, `pet_price`, `pet_age`, `pet_color`, `pet_sale_data`, `pet_vaccine`, `pet_neuter`, `pet_notes`) VALUES (5, 5, 5, 'bird', 'f', 600.00, 230.00, 10, 'blue', NULL, 'n', 'y', 'flies');
INSERT INTO `lmg17g`.`pet` (`pet_id`, `pst_id`, `cus_id`, `pet_type`, `pet_sex`, `pet_cost`, `pet_price`, `pet_age`, `pet_color`, `pet_sale_data`, `pet_vaccine`, `pet_neuter`, `pet_notes`) VALUES (6, 6, 6, 'turtle', 'f', 400.00, 420.00, 20, 'green', NULL, 'y', 'y', 'aquatic');
INSERT INTO `lmg17g`.`pet` (`pet_id`, `pst_id`, `cus_id`, `pet_type`, `pet_sex`, `pet_cost`, `pet_price`, `pet_age`, `pet_color`, `pet_sale_data`, `pet_vaccine`, `pet_neuter`, `pet_notes`) VALUES (7, 7, 7, 'hedgehog', 'm', 720.00, 730.00, 16, 'grey', NULL, 'y', 'n', 'cute');
INSERT INTO `lmg17g`.`pet` (`pet_id`, `pst_id`, `cus_id`, `pet_type`, `pet_sex`, `pet_cost`, `pet_price`, `pet_age`, `pet_color`, `pet_sale_data`, `pet_vaccine`, `pet_neuter`, `pet_notes`) VALUES (8, 8, 8, 'marmot', 'm', 870.00, 970.00, 5, 'brown', NULL, 'n', 'n', 'small');
INSERT INTO `lmg17g`.`pet` (`pet_id`, `pst_id`, `cus_id`, `pet_type`, `pet_sex`, `pet_cost`, `pet_price`, `pet_age`, `pet_color`, `pet_sale_data`, `pet_vaccine`, `pet_neuter`, `pet_notes`) VALUES (9, 9, 9, 'squirrel', 'm', 300.00, 320.00, 12, 'red', NULL, 'y', 'y', 'nut');
INSERT INTO `lmg17g`.`pet` (`pet_id`, `pst_id`, `cus_id`, `pet_type`, `pet_sex`, `pet_cost`, `pet_price`, `pet_age`, `pet_color`, `pet_sale_data`, `pet_vaccine`, `pet_neuter`, `pet_notes`) VALUES (10, 10, 10, 'dog', 'f', 500.00, 530.00, 1, 'black', NULL, 'n', 'y', 'squirrel');

COMMIT;

